url,title,publication_year,publisher,project_code,status
https://rd-agri.fr/rest/content/getFile/a3597ee7-3cf9-42b7-9713-a3f7232124ca/LF4_Rapport_constitution_abaques_vf.pdf,Présentation de l’outil pédagogique pour l’irrigation des betteraves sucrières et choix des scénarios associés,2025,ITB,24pit120,indexed
https://rd-agri.fr/rest/content/getFile/dcb4c6ef-d122-4031-a52b-842c49cf8df9/rousseliere2024BatiporcC4E_CRtech_intermediaire_Volet_technique.pdf,"Compte rendu technique du projet Bâtiporc C4E - Volet ""bilan technique"" du rapport intermédiaire",2024,IFIP-INSTITUT DU PORC,21aip3936282,indexed
https://rd-agri.fr/external_data/arvalis/septembre-2024/518-50-52-Un-progres-genetique-stable-depuis-les-annees-80.pdf,Rendement des céréales à paille : un progrès génétique stable depuis les années 80,2024,Arvalis,19asv006,indexed
https://rd-agri.fr/rest/content/getFile/cc68af83-2f98-426b-8978-1e69cd7d35a4/Grille de choix variétal définitive V3 (finale).pdf,Filière cidricole - GRILLE DE CHOIX VARIETAL,2024,IFPC,23pit070,indexed
https://rd-agri.fr/rest/content/getFile/c6dda892-ecfb-4312-a96b-de4e09b8ab3e/Hastings vers 2024.pdf,Fiche variétale Hastings,2024,IFPC,23pit070,indexed
https://rd-agri.fr/rest/content/getFile/c609abc5-0d78-4117-b3ce-1f6bfaf4deb4/1 ALTIZ_Rapport-final_v1.pdf,Trois années d'essais de lutte contre l'altise sur chou et aubergine,2024,PLANETE LEGUMES,20aex979071,indexed
https://rd-agri.fr/rest/content/getFile/ea50d11b-0b9e-4558-ab9e-f0892661bb2d/Rapport final pour le Programme National de Recherche et d.pdf,Probeet rapport final pour PNRI,2024,Deleplanque,21ari021,indexed
https://rd-agri.fr/rest/content/getFile/4ccd23e3-c046-4c04-90b4-cdab04bf155f/Présentation grapea arbres et haies 03.04.2024.pdf,Place de l'arbre dans les systèmes d'élevage herbagers ; présentation scolaires,2024,GRAPEA,21agipdl_061,failed
https://rd-agri.fr/rest/content/getFile/55142f96-4409-498c-8c74-ad1a7dff6a74/Rapport_annuel_2023_ASTREDHOR.pdf,Rapport annuel 2023,2024,ASTREDHOR,23pit020,indexed
https://rd-agri.fr/rest/content/getFile/4f5f12dd-bf7a-4c73-97f6-94cd23b13a60/Gilly vers 2024.pdf,Fiche variétale Gilly,2024,IFPC,23pit070,indexed
https://rd-agri.fr/rest/content/getFile/6f4764d6-c19e-4389-8d56-a4ebcf8328a7/CR_JUBILO_2023_action1.1-1.pdf,Compte-rendu d'essais de porte-greffes,2024,IFPC,23pit070,indexed
https://rd-agri.fr/rest/content/getFile/2771d1ae-2217-4121-9812-ddf99c37dc2e/AE2_T112_Guide du visiteur DA - vfinale.pdf,Désherbage mécanique en betterave,2024,ITB,23pit120,indexed
https://rd-agri.fr/rest/content/getFile/e94ce928-693f-441d-90a6-81cc47db98f3/2024_Publication DAMAL-projet TERREAUII.pdf,Les Dispositifs d’Accompagnement Multi-Acteurs Locaux à l'installation et à la transmission (DAMAL) - état des lieux  et exemples de coopérations locales,2024,FADEAR,22ade7987985,indexed
https://rd-agri.fr/rest/content/getFile/a325ba71-0e62-4d5e-8054-00998a986eab/Présentation_Séminaire_PLAACE.pdf,Présentation du séminaire de restitution du projet PLAACE,2024,LCA,22pon102,indexed
https://rd-agri.fr/rest/content/getFile/2c406e82-d401-4260-b69b-bdf36200db61/fiche VDD mulch VF.pdf,Fiches de synthèse d'expérimentations systèmes en verger cidricole,2024,IFPC,23pit070,indexed
https://rd-agri.fr/rest/content/getFile/8974dcbf-a3e0-43d3-91db-d7590475e0b7/WEB.24 - Melys - PLFP logo.pdf,Web’getables du 15 mars 2024 - Lutte mécanique contre Lygus spp,2024,PLANETE Légumes,21aex2735832,indexed
https://rd-agri.fr/rest/content/getFile/548d398f-4c05-4e2c-8dc8-e3f73a2fa256/TEV_2024B_FicheExp_LEGGO.pdf,Association LEGGO – « légumineuses à graines du grand ouest » – initiative des chambres d’agriculture du grand ouest pour développer une filière de légumineuses d’alimentation humaine,2024,TERRES EN VILLES,23pon017,indexed
https://rd-agri.fr/rest/content/getFile/56038dd9-044d-4a7f-8e0b-c65cb3e0d5d4/Rapport_activite_ADA_France_2023_pages.pdf,Rapport d'activité ADA France 2023,2024,ADA France,23pon019,indexed
https://rd-agri.fr/external_data/arvalis/juin-2024/240130DIA_JinnovRennes.pdf,Journées de L'innovation - Les sols fertiles au cœur des enjeux - Rennes,2024,Arvalis,23pit010,indexed
https://rd-agri.fr/rest/content/getFile/0bea8bca-70b1-416e-9072-853a6fa9719b/Portraits_agents.pdf,Fiches et vidéos portraits d’agents de remplacement.,2024,FNSR,23pon014,indexed
https://rd-agri.fr/rest/content/getFile/17593807-29c6-4922-9200-d1dbed5448eb/Fiche W-solent_implantation_soja.pdf,W-Solent : Produire du soja et de la lentille dans le Grand Ouest,2024,Terres Inovia,20aex969865,indexed
https://rd-agri.fr/rest/content/getFile/de07aa32-37d6-4064-ac19-db3eb3e4561c/CR de capitalisation 2019 2023.pdf,Compte-rendu de capitalisation des trois premières années du GIEE),2024,ADDEAR 01,20agiara_041,indexed
https://rd-agri.fr/rest/content/getFile/2c039b4b-3cfd-4206-9b13-b13c95b415b4/Actes Séminaire de fin de projet Terreau II 18 juin 2024.pdf,Actes du séminaire final du projet Terreau II « Améliorer les conditions d'accès au métier d'agriculteur pour les nouveaux entrants »,2024,Terre de Liens,22ade7987985,indexed
https://rd-agri.fr/rest/content/getFile/3360e514-e6c9-4c0c-8b1d-83cf34eb1a7b/Adamos_bilan_technique.pdf,Adamos - Bilan technique,2024,CERAQ,18aip040,indexed
https://rd-agri.fr/rest/content/getFile/1d54514a-6288-4f23-b105-c510fa6d700b/CR_Agroupo.pdf,Construction de schémas décisionnels pour une gestion agroécologique de la rouille du poireau,2024,GIE SILEBAN,21aex2344091,indexed
https://rd-agri.fr/rest/content/getFile/494063e4-0d10-4d44-b419-b254a23f6dd3/POSTER_ATELIER_PAYSAN_VF.pdf,Poster synthèse du projet PLAACE pour l'atelier paysan,2024,LCA,22pon102,indexed
https://rd-agri.fr/external_data/arvalis/juin-2024/230413DIA_OrgesBrassicolesPelceL.pdf,Filière brassicole : engagée pour optimiser ses ressources,2023,Arvalis,23pit010,indexed
https://rd-agri.fr/external_data/arvalis/juin-2024/231218BC_Choisir2OhRegionOuest20232024.pdf,"Choisir et Décider Céréales 2 - Interventions de printemps Orge d'hiver - Bretagne, Normandie, Pays de la Loire, Poitou-Charentes 2023-2024",2023,Arvalis,23pit010,indexed
https://rd-agri.fr/external_data/arvalis/juin-2024/230829BC_ChoisirOhBretagne20232024.pdf,Choisir et décider - Variétés et interventions d'automne Orge d'hiver - Bretagne 2023-2024,2023,Arvalis,23pit010,indexed
https://rd-agri.fr/external_data/arvalis/juin-2024/231004DIA_SommetValoriserMcpiButeauAChauveauH.pdf,Valoriser les méteils fourragers en bovins lait et viande,2023,Arvalis,23pit010,indexed
https://rd-agri.fr/rest/content/getFile/e3d358db-f807-49b4-bd5a-9a21a84980c9/fichetech-orgatravail.pdf,Fiche technique Organiser son travail en maraichage bio diversifié,2023,FD CIVAM DU GARD,20agiocc_133,indexed
https://rd-agri.fr/external_data/arvalis/juin-2024/230930PUBLI_AutonomieProteiqueDessienneC2023.pdf,Evaluation par simulations des impacts de leviers allant vers l’autonomie protéique à l’échelle d’exploitations en bovin lait et bovin viande,2023,Arvalis,23pit010,indexed
https://rd-agri.fr/rest/content/getFile/b9f51a31-0bba-427e-91bd-43b7155a1133/Rapport 6_Resp'haies_Agroof_Effets-microclimatiques.pdf,Rapport n°6 - Resp'haies - Mise au point d’une méthodologie d’étude de l’effet brise vent des haies sur les grandes cultures,2023,AFAC-Agroforesteries,18aip5854,indexed
https://rd-agri.fr/rest/content/getFile/481cebd6-5c6b-4bcb-94ee-754dcc1929c6/Rapport_technique_endophytes_v1.pdf,Projet Endophyte - Rapport technique final,2023,ITB,21ari002,indexed
https://rd-agri.fr/rest/content/getFile/db8d0191-0759-4705-8751-8b7f06d87430/Rapport 4_Resp'haies_recherche-participative_Sciences citoyennes.pdf,Rapport n°4 - Resp'haies - Le dispositif tiers-veilleur au sein du projet Resp’haies : Co-construction des connaissances dans un projet de recherche participative,2023,AFAC-Agroforesteries,18aip5854,indexed
https://rd-agri.fr/external_data/arvalis/juin-2024/PA512page35_37.pdf,Autonomie fourragère : pourquoi pas des légumineuses,2023,Arvalis,23pit010,indexed
https://rd-agri.fr/external_data/arvalis/juin-2024/231101PUBLI_IASantePlantesThibordJB2023.pdf,"Protection des céréales à paille, de la betterave et du colza contre les viroses transmises par les pucerons à l'aide de solutions variétales et de biocontrôle",2023,Arvalis,23pit010,indexed
https://rd-agri.fr/external_data/arvalis/juin-2024/230901BC_ChoisirTriticaleCentreAuvergneLimousin20232024.pdf,"Choisir et décider Céréales 1 - Variétés et interventions d'automne Triticale -  Centre, Ile-de-France, Limousin, Auvergne 2023-2024",2023,Arvalis,23pit010,indexed
https://rd-agri.fr/rest/content/getFile/f174ee8d-43fc-4e60-bca8-dab82690e88c/2022_Rapport_Aquaponie.pdf,Etape 11 : projet ingénieur - conduite de projet innovant - année 2022,2023,EPLEFPA Quimper -Brehoulou,20aea1760483,indexed
https://rd-agri.fr/rest/content/getFile/56333156-cf57-46f1-8df3-5972a45c68d4/Vol88_16_OUTILLAGE_Cadoux et al_2023.pdf,OUTILLAGE : des outils pour accompagner les agriculteurs dans l'innovation en ferme,2023,TERRES INOVIA,17aip017,indexed
http://www.pastoralisme.net/wp-content/uploads/2024/05/Synth%C3%A8se_actes.pdf,Le pastoralisme français - 50 ans d'organisation collective,2023,Association Française de Pastoralisme,23pon003,indexed
https://rd-agri.fr/external_data/arvalis/juin-2024/PA508page28_31.pdf,Diversification : quelle variété de sorgho choisir ?,2023,Arvalis,23pit010,indexed
https://rd-agri.fr/external_data/arvalis/juin-2024/PA511page40_44.pdf,Plateforme Phénofield : quel rôle dans la recherche sur le stress hydrique ?,2023,Arvalis,23pit201,indexed
https://rd-agri.fr/external_data/arvalis/juin-2024/231004DIA_SommetEMCPCEAPDessienneC.pdf,Autonomie protéique en polyculture-élevage - Quels impacts à l'échelle d'exploitations en bovins viande ?,2023,Arvalis,23pit010,indexed
https://rd-agri.fr/rest/content/getFile/3fdee3ee-d6d1-4a9a-b78c-4f49f927cbd3/Fiona.pdf,Fiche variétale FIONA,2023,IFPC,22pit070,indexed
https://afpf-asso.fr/_objects/tao_medias/file/cap-proteines-freins-et-motivations-vf-7453.pdf,"[CAP Protéines] L’autonomie protéique en élevage, c’est possible !",2023,IDELE,21pfr001,indexed
https://rd-agri.fr/external_data/arvalis/juin-2024/PA515page32_35.pdf,Diversité des insectes dans les exploitations agricoles. Pourquoi l’évaluer et comment ?,2023,Arvalis,23pit010,indexed
https://rd-agri.fr/rest/content/getFile/202adcb2-255e-45d8-a48b-0640e240c5ab/Bilan_Campagne_Lentille_2023_ZLEBIHAN_TerresInovia_V1.0.pdf,Bilan de campagne national pour la culture de lentille en 2023,2023,Terres Inovia,23pit030,indexed
https://rd-agri.fr/rest/content/getFile/63e6bf95-78ab-4673-a49b-046e336f2f93/_livret complet-Effluents.pdf,Livret effluents d'élevage,2023,FR CUMA,22pca028,indexed
https://rd-agri.fr/external_data/itab/FicheOutil-atelier-coconception-mars2019.pdf,Ateliers de co-conception : repères méthodologiques du projet CAPABLE.,2023,ITAB,17aip033,indexed
https://rd-agri.fr/rest/content/getFile/4c9d6d5c-a641-47d3-a673-b9d436d10eda/support mastère nova Laurent BLEUZE_La Cooperation Agricole_23.06.23.pdf,Construction de projets bioéconomie: exemples coopératifs,2023,LA COOPERATION AGRICOLE,23pon004,indexed
https://rd-agri.fr/rest/content/getFile/620b130f-f722-4afd-8560-5f40a0e273e0/Civam_ObservatoireTechnicoEconomique2023-VF-WEB.pdf,Résultats de l'observatoire technique et économique Bovin lait 2023,2023,FNCIVAM,23pon008,indexed
https://rnest.fr/wp-content/uploads/2023/12/EGS_2023_30_Cortet_347-363-5.pdf,"Mieux intégrer les sols dans la séquence ""Éviter - Réduire - Compenser""",2023,ACTA,17cac004,indexed
https://rd-agri.fr/rest/content/getFile/b3a7a45a-9c1d-47de-bb01-1d3c00c9c25b/6.4-Webinaire PAC Bonus haie 13.12.2023.pdf,Support de décryptage de la prise en compte des haies dans le PSN (Bonus Haie),2023,Afac-Agroforesteries,23pon021,indexed
https://rd-agri.fr/rest/content/getFile/f6c21cf5-26f1-4246-a385-105d3044b39e/3.5 RMT-Panorama des acteurs16112023.pdf,Panorama des acteurs de l'arbre hors forêt - 2023,2023,Afac-Agroforesteries,23pon021,indexed
https://rd-agri.fr/rest/content/getFile/2b4b6e34-87f9-484b-9d49-8444269a2492/Guide_tournesol_BIO_Terres-Inovia_2023.pdf,Nouvelle publication du guide de culture sur le tournesol bio,2023,Terres Inovia,23pit205,indexed
https://rd-agri.fr/rest/content/getFile/377e3de1-7667-4d08-ba9b-bb3a8c1e0a29/240226_fiche-robot-paturage.pdf,Fiche technique : Concilier robot de traite et patûrage,2023,Lycée agricole de la Baie du Mont Saint Michel,19aea519284,indexed
https://rd-agri.fr/rest/content/getFile/d4968efa-0903-425d-b282-337efb59711f/Rapport 8 _ Resp'haies_Peltier & al.pdf,Rapport n°8 - Resp'haies - Comment permettre aux apprenants de s’y connaître sur l’arbre et la haie dans le cadre du projet RESP’HAIES ?,2023,AFAC-Agroforesteries,18aip5854,indexed
https://rd-agri.fr/rest/content/getFile/019bcdc3-fe29-454a-846c-9808934ae4c1/2.3.1-PPT présentation-PGDH-Afac-colloque ATT.pdf,Présentation du plan de gestion durable des haies lors du Colloque ATT du 6 juin 2023,2023,Afac-Agroforesteries,23pon021,indexed
https://rd-agri.fr/rest/content/getFile/f13f8d5f-0dd3-48c3-9def-02bcd91b4d71/240226_poster-axe2-3.pdf,POSTER . Axe 2 : Réduction d’Intrants et désherbage mécanique,2023,Lycée agricole de la Baie du Mont Saint Michel,19aea519284,indexed
https://rd-agri.fr/rest/content/getFile/06b01cb0-9445-48a8-9fee-a26136c8d677/BSV_BILAN_GC_MP_COLZA_2023.pdf,Bilans de campagne 2023 régionalisés pour le colza,2023,Terres Inovia,23pit030,indexed
https://rd-agri.fr/rest/content/getFile/04bf1ef2-a514-45a3-a215-f285c7ac2f83/EMISSAGE_CR_Technique_versioncourte_20230120.pdf,EMISSAGE Epidémiologie des Salmonelles en filière animale par approche génomique,2023,ACTALIA,17art010,indexed
https://rd-agri.fr/rest/content/getFile/3f432e03-b1af-492b-8673-b5e040e29925/liste-agrees-BCAE8-2023.pdf,Liste des conseillers agréés BCAE8 pour l'année 2023,2023,Afac-Agroforesteries,23pon021,indexed
https://rd-agri.fr/rest/content/getFile/887db2e0-8f20-498c-8c6a-7cbab01690a6/RH - Guide des 10 idées reçues 2023.pdf,Guide des 10 idées reçues sur l'accompagnement humain,2023,ANSGAEC,23pon010,indexed
https://rd-agri.fr/rest/content/getFile/5340078f-be78-42bd-9a51-11047dfaea50/5.2.3-Cas_pratique-Lelièvre.pdf,Outil excel de modélisation économique pour tout agriculteur combinant plusieurs valorisations de haies certifiées Label Haie - Cas pratique appliqué sur l'exploitation agricole de M. Lelièvre,2023,Afac-Agroforesteries,23pon021,indexed
https://rd-agri.fr/rest/content/getFile/2f8de638-b7dc-4d02-9337-04833d7b10e7/Protocoles_projet_Endophyte.pdf,Projet Endophyte - Protocoles,2023,ITB,21ari002,indexed
https://rd-agri.fr/rest/content/getFile/1a334389-e6ea-4c6a-a282-a020e815848c/poster_800x1200mm_Canopy_V2.pdf,Acquisition standardisée et traitement d'images pour l’estimation rapide de la surface foliaire sur feuilles détachées,2023,FN3PT,20art1568974,indexed
https://www.sysaaf.fr/content/download/4749/49796/version/1/file/RA_SYSAAF-2022_FicheProg.pdf,Rapport d'activité SYSAAF 2022 - Fiches des programmes R&D,2023,ITAVI,22pga004,indexed
https://rd-agri.fr/rest/content/getFile/3c6640df-a369-4af6-8dfd-23088274daf0/Actes Séminaire Terreau 29 novembre 2023.pdf,"Actes du séminaire de mi-parcours organisé par les partenaires du projet TERREAU II ""Améliorer les conditions d'accès au métier d'agriculteur pour les nouveaux entrants""",2023,Terre de Liens,22ade7987985,indexed
https://rd-agri.fr/rest/content/getFile/90336acc-c696-4b91-97ef-da0515f47e3d/706fcd72ca9c10b2789d49de43c8d1605b6489ae.pdf,Liste de variétés régionalisées recommandées pour les semis de colza en 2023,2023,Terres Inovia,23pit030,indexed
https://rd-agri.fr/rest/content/getFile/30940544-eb0e-4ba7-8514-6bf951d9364b/2023_BdC_national_protéagineux_hiver_vf_AP3.pdf,Bilan de campagne 2022-2023 pour les protéagineux d'hiver,2023,Terres Inovia,23pit030,indexed
https://rd-agri.fr/rest/content/getFile/16bf3037-1a37-48a4-8e75-7cea0419a7fd/Synthese_varietale_tournesol_2023_v1.0-1.pdf,Synthèse annuelle des essais d'évaluation variétale conduits en 2023 sur le tournesol,2023,Terres Inovia,23pit030,indexed
https://rd-agri.fr/rest/content/getFile/ede2484a-2118-47cf-9437-450d58e8a1f0/Présentation Hygiène en cidrerie - SIVAL 2023.pdf,"Hygiène en cidrerie : Diagnostic, essais et pistes d'amélioration",2023,IFPC,23pit070,indexed
https://rd-agri.fr/rest/content/getFile/21f0c2da-3552-4b13-b2f3-69dd184acd69/240226_poster-axe1.pdf,POSTER - Axe 1 - Robot et paturage,2023,Lycée agricole de la Baie du Mont Saint Michel,19aea519284,indexed
https://rd-agri.fr/rest/content/getFile/f81a5001-2bd2-4e39-b25e-94fb22248e2c/Bareme_2023_VF.pdf,Références des coûts de plantation agroforestière établies par l’Afac-Agroforesteries,2023,Afac-Agroforesteries,23pon021,indexed
https://rd-agri.fr/rest/content/getFile/e3b27a70-092a-4b6b-a432-544767932223/CRA IFPC 2022.pdf,Compte-rendu d'activité 2022,2023,IFPC,23pit070,indexed
https://afpf-asso.fr/_objects/tao_medias/file/5-bl-avec-cultures-mais-epi-proteagineux-et-ensilage-herbe-8060.pdf,"[CAP Protéines] Combinaison de leviers pour améliorer l’autonomie protéique d’une exploitation en bovin lait : maïs épi, protéagineux à graines et ensilage d’herbe",2023,IDELE,21pfr001,indexed
https://afpf-asso.fr/_objects/tao_medias/file/4-bl-avec-cultures-feverole-7994.pdf,[CAP Protéines] Introduction de féverole dans la ration des vaches laitières pour améliorer l’autonomie protéique de l’exploitation,2023,IDELE,21pfr001,indexed
https://rd-agri.fr/rest/content/getFile/1ca6565f-86c2-4410-85d4-3c73fdae202d/L12_TRAEC_A1.2_Synthèse REPERAGE 2023.pdf,"Tendances et initiatives repérées : Synthèse des tendances, signaux forts et faibles recensés en 2023",2023,TRAME,23pon018,indexed
https://rd-agri.fr/external_data/itab/juillet-2024/24-varietes-ble-bio_synthese-2023_VF.pdf,Comparaison de variétés de céréales en agriculture biologique : Synthèse des essais blé tendre d'hiver (édition 2023),2023,ITAB,23pit060,indexed
https://rd-agri.fr/rest/content/getFile/1df0cbfb-87b5-408a-a298-66216924a332/2023_BdC_national_protéagineux_printemps_v1.2.pdf,Bilan de campagne 2022-2023 pour les protéagineux de printemps,2023,Terres Inovia,23pit030,indexed
https://rd-agri.fr/rest/content/getFile/9bc26b26-f1a8-4950-8a3a-6d78ac087097/Résumé Rapport 3_Resp'haies_biomasse-carbone.pdf,Rapport n°3 - Resp'haies - Évaluation des stocks et flux de biomasse et carbone des haies - Résumé,2023,AFAC-Agroforesteries,18aip5854,indexed
https://rd-agri.fr/rest/content/getFile/6b8c03b1-c8ad-42d3-9a72-035886cb98b7/2.2.FAQ utilisation PGDH.pdf,Foire aux questions PGDH,2023,Afac-Agroforesteries,22pon021,indexed
https://rd-agri.fr/rest/content/getFile/01e640be-a1d2-42aa-a827-0e6d3cd551ee/Recueil-poster-colloque-Cap-Protéines2023_HD_compressed-1.pdf,Colloque Cap Protéines : un lien fort entre les filières végétales et animales,2023,Terres Inovia,21pfr002,indexed
https://rd-agri.fr/rest/content/getFile/235bc933-b7de-4f78-827f-04074763dbe0/Fiche expérience Le Havre.pdf,Fiche Situation de Test : la couveuse d'activité maraichère / Nid'Agri,2023,RENETA,23pon020,indexed
https://afac-agroforesteries.fr/wp-content/uploads/2023/05/Rapport-3_Resphaies_part2_Csol.pdf,Rapport n°3 - Resp'haies - Évaluation des stocks et flux de biomasse et carbone des haies - Partie 2 : Évaluation du potentiel de stockage additionnel de carbone dans les sols,2023,AFAC-Agroforesteries,18aip5854,indexed
https://rd-agri.fr/rest/content/getFile/30637c88-2ea6-4434-8145-56b5cc7779aa/Etude exploratoire.pdf,Etude exploratoire: Les apports des coopératives agricoles selon les coopérateurs,2023,LA COOPERATION AGRICOLE,23pon004,indexed
https://rd-agri.fr/rest/content/getFile/50718dda-f187-4354-ba6c-4038b603cb96/Rapport 3_Resp'haies_part3_pédo.pdf,Rapport n°3 - Resp'haies -  Évaluation des stocks et flux de biomasse et carbone des haies - Partie 3 : Analyse des contextes pédoclimatiques,2023,AFAC-Agroforesteries,18aip5854,indexed
https://rd-agri.fr/external_data/arvalis/juin-2024/231218BC_Choisir2TriticaleOuest20232024.pdf,Choisir et Décider Céréales 2 - Interventions de printemps Triticale - Région Ouest 2023-2024,2023,Arvalis,23pit010,indexed
https://rd-agri.fr/external_data/arvalis/juin-2024/230830BC_ChoisirBthBretagne20232024.pdf,Choisir et décider - Variétés et interventions d'automne Blé tendre - Bretagne 2023-2024,2023,Arvalis,23pit010,indexed
https://rd-agri.fr/external_data/arvalis/juin-2024/PA511page76_82.pdf,Variétés de triticale : quatre nouveautés au catalogue,2023,Arvalis,23pit010,indexed
https://rd-agri.fr/external_data/arvalis/juin-2024/230824BC_ChoisirOHPdl20232024.pdf,Choisir et Décider Céréales 1 - Variétés et interventions d'automne Orge d'hiver - Pays de la Loire 2023-2024,2023,Arvalis,23pit010,indexed
https://rd-agri.fr/external_data/arvalis/juin-2024/230321DIA_AE3AfpfEmcPceAidv2023.pdf,Evaluation par simulations des impacts de  leviers allant vers l'autonomie protéique à l'échelle d'exploitations en bovins lait et viande,2023,Arvalis,23pit203,indexed
https://rd-agri.fr/external_data/arvalis/juin-2024/PA513page49_52.pdf,Le dossier : GIEE des Cinq Éléments des Sablons Une démarche à dupliquer,2023,Arvalis,23pit203,indexed
https://rd-agri.fr/rest/content/getFile/581e6a58-1804-462f-81c0-3e6ce9453686/Endophyte_rapport_final_CSS.pdf,Projet Endophyte - Rapport final,2023,ITB,21ari002,indexed
https://rd-agri.fr/external_data/arvalis/juin-2024/230914BC_ChoisirTriticaleRegionOuest20232024.pdf,Choisir et décider - Variétés et interventions d'automne Triticale - Région Ouest 2023-2024,2023,Arvalis,23pit010,indexed
https://rd-agri.fr/external_data/arvalis/juin-2024/230629PUBLI_RdvTechniquesVillers2023.pdf,Les 5e Rendez-vous techniques de Villers 2023,2023,Arvalis,23pit010,indexed
https://rd-agri.fr/rest/content/getFile/fd81ee02-b474-4432-a4f5-24adc448a5bb/4.9.3-Présentation_Label_Haie.pdf,Présentation du Label Haie,2023,Afac-Agroforesteries,23pon021,indexed
https://rd-agri.fr/rest/content/getFile/25d9f7d9-13bb-437d-b807-7d4316b79034/4.2.2-Support_formation_auditeurs_Label_Haie_module2.pdf,Support à la formation des auditeurs du Label Haie,2023,Afac-Agroforesteries,23pon021,indexed
https://rd-agri.fr/external_data/fnams/BS-288-p27-29-recolte-phacelie-2023.pdf,PLANTES DE SERVICES - RÉCOLTE DE LA PHACÉLIE PORTE-GRAINE : PREMIERS ENSEIGNEMENTS,2023,FNAMS,23pit010,indexed
https://rd-agri.fr/rest/content/getFile/2840f430-5cf3-40ba-b3ac-4987a29f8411/4.9.1-revue de presse Label Haie-2023.pdf,Revue de presse 2023 du Label Haie,2023,Afac-Agroforesteries,23pon021,indexed
https://rd-agri.fr/rest/content/getFile/1cd4a4e6-cbe4-4c8c-b768-93ee23531d9b/2021_synthèse variété soja yc 0000-fev2022.pdf,Résultats des essais d'évaluation des variétés de soja en  2021,2022,Terres Inovia,21pfr005,indexed
https://rd-agri.fr/rest/content/getFile/2fe7fdea-dd49-4bc7-8766-92fe1140ece2/3.1.itinéraire_technique_haie_litiere_plaquette_VF.pdf,Fiche technique De la gestion des haies à la valorisation de plaquettes bois,2022,Afac-Agroforesteries,22pon021,indexed
https://rd-agri.fr/rest/content/getFile/0fa31f93-38ff-43ce-881e-097bf6319f4c/L5.4 ACSA1-Rapport execution.pdf,Projet : Approches complémentaires en santé animale  (ACSA1)  Quel accompagnement des éleveurs dans leur  changement de pratiques ?,2022,TRAME,22pon018,indexed
https://rd-agri.fr/rest/content/getFile/caafe73a-fe6a-4edd-8bd4-dfafda29e4b4/2022-Synthese perspectives du soja en Centre-Ouest_V1.1.pdf,Potentiel de développement du soja dans le Grand-Ouest,2022,Terres Inovia,21pfr003,indexed
https://rd-agri.fr/rest/content/getFile/48cc5986-262d-4854-88a5-3b4a74c00db6/Situation de test - Volailles.pdf,Situation de test - volailles,2022,RENETA,22pon020,indexed
https://rd-agri.fr/rest/content/getFile/d616b237-481e-4d3f-8c78-65f7c820078a/221123 Présentations CRA-FR PSE_CASDAR.pdf,PSE: rencontre avec les 3 associations de l'Ouest,2022,LA COOPERATION AGRICOLE,22pon004,indexed
https://rd-agri.fr/external_data/arvalis/decembre-2023/220630CR_SpecificationsFonctionnelles.pdf,Spécifications fonctionnelles du système LITERAL par les utilisateurs,2022,Arvalis,18art022,indexed
https://rd-agri.fr/rest/content/getFile/5318aa12-76e2-4c79-9bb5-b09bfbd08cd9/PPT Webinaire LCA-Financements Projets Bio_05juillet2022.pdf,Webinaire financement des projets bio dans les coopératives,2022,LA COOPERATION AGRICOLE,22pon004,indexed
https://rd-agri.fr/rest/content/getFile/2d8e35e7-ac54-49df-b63c-9eb99491cb9f/ANSGAEC - Dossier_de_candidature VF 2ème phase hors annexes.pdf,Programme prévisionnel annuel 2022 ANSGAEC,2022,ANSGAEC,22pon010,indexed
https://rd-agri.fr/external_data/arvalis/decembre-2023/220630CR_EvaluationErgonomiqueLITERAL.pdf,Evaluation de l'ergonomie du système LITERAL,2022,Arvalis,18art022,indexed
https://rd-agri.fr/rest/content/getFile/612901f0-d0f0-44bb-881c-0b9bd3d3b01f/Diaporama séminaire restitution ENGAGED 081222.pdf,Diaporama séminaire clôture du projet du 8 décembre 2022,2022,CerFrance Normandie Maine,18aip057,indexed
https://afpf-asso.fr/_objects/tao_medias/file/conference-sh2022-developper-le-paturage-hivernal-pour-plus-d-autonomie-fourragere-vf2-6058.pdf,"[CAP Protéines] Le pâturage hivernal, une opportunité à saisir ? ",2022,IDELE,21pfr001,indexed
https://rd-agri.fr/rest/content/getFile/3218b602-7de2-4efe-8a89-c8c22f40d1c7/L1.3 Travaux-et-Innovations - Sommaires 2022.pdf,Revue Travaux et Innovations,2022,TRAME,22pon018,indexed
https://rd-agri.fr/rest/content/getFile/723f3dcf-b237-47cf-9ebf-c102d25d992f/OCL_29_4_9p.pdf,Les cultures oléagineuses et protéagineuses dans l'agriculture biologique française : une synthèse des pratiques culturales pour le tournesol et le soja,2022,Terres Inovia,22pit205,indexed
https://afpf-asso.fr/_objects/tao_medias/file/2022-06-01-mais-fourrage-concilier-rdt-et-qualite-salon-h-f-2022-6018.pdf,[CAP Protéines] Maïs fourrage : les facteurs clés de l’itinéraire pour concilier rendement et qualité,2022,IDELE,21pfr001,indexed
https://rd-agri.fr/rest/content/getFile/d095ca96-b1ed-49b4-b672-c2a3254885c0/AE6-Coût de production betteraves UE 2019 - Juillet 2021.pdf,Cout de production betteravier en France et en Europe,2022,ITB,21pit120,indexed
https://trame.org/wp-content/uploads/2022/12/GUIDE-METHODO.pdf,Se lancer dans une démarche  de PSE avec des collectifs  d’agriculteurs,2022,TRAME,18aip048,indexed
https://rd-agri.fr/rest/content/getFile/aeeabec8-d4bb-403b-8fac-919abd64f0db/Instant_technique-Semis_des_prairies_temporaires_sous couvert_en_ACS.pdf,Semis des prairies sous couvert en ACS,2022,APAD,22pon022,indexed
https://rd-agri.fr/rest/content/getFile/333a42dc-283f-4a28-a3fc-97e9bb41e039/Instant_technique_Cultures-industrielles-en-ACS.pdf,La gestion des cultures industrielles en ACS,2022,APAD,22pon022,indexed
http://www.ifpc.eu/fileadmin/users/ifpc/IFPC/03-LIVRAISON-IFPC-CRA-BDEF.pdf,Compte-rendu d'activité 2021,2022,IFPC,22pit070,indexed
https://rd-agri.fr/rest/content/getFile/4c0bf89d-8a30-4b66-9a07-170651da6990/2022_Bilan_campagne_protea_ZCO_APENANT_TERRES_INOVIA_V1.0.pdf,Bilan de campagne 2021-2022 pour les protéagineux,2022,Terres Inovia,22pit030,indexed
https://rd-agri.fr/rest/content/getFile/deb2e07e-4268-4cc8-8b44-8b267364dd4e/protrait Marie et Julian 2021.pdf,Installation en collectif,2022,GABBANJOU,pdl-lb-2019-02_phy,indexed
https://rd-agri.fr/rest/content/getFile/e281436e-c33b-436d-b259-31ed81b0b05d/La part des autres_dossiers présentation.pdf,La Part des autres - dossier du film,2022,FNCIVAM,15aip036,indexed
https://rd-agri.fr/rest/content/getFile/38e786af-357e-4098-83d3-9ea0c63a6be0/APETI_actes.pdf,S'approprier l'Agroécologie Par l'Echange et le Transfert d'Initiatives - ACTES,2022,Fédération Régionale dees CIVAM des Pays de la Loire,19aar011,indexed
https://rd-agri.fr/rest/content/getFile/842ee455-9540-4c88-b71e-07a3e7fb511e/Instant_technique_La-gestion-de-l-eau.pdf,La gestion de l’eau en ACS,2022,APAD,22pon022,indexed
http://www.ifpc.eu/fileadmin/users/ifpc/infos_techniques/2_IFPC_Elodie_LEBRUN_Chiffres_marche_jus_JT_JINNOV_04-05-2022_v2.pdf,Jus de pommes innovants (JINNOV),2022,IFPC,22pit070,indexed
http://www.ifpc.eu/fileadmin/users/ifpc/infos_techniques/EC_2022_bilan_expe_entretien_du_rang_et_de_l_inter-rang_Version_diffusion-1.pdf,Gestion alternative de l'enherbement du rang et de l'inter-rang,2022,IFPC,22pit070,indexed
https://rd-agri.fr/rest/content/getFile/f9424a71-57c6-4214-85f0-8bbd4833de6f/2022_carrefour_pois_feverole_économie.pdf,Intérêt économique et environnemental des pois et féveroles : vers des systèmes plus durables contribuant à l’atténuation du changement climatique,2022,Terres Inovia,22pit030,indexed
https://www.astredhor.fr/data/info/172116-CR867.pdf,BCA Protect : optimisation de la biotisation des substrats horticoles ,2022,ASTREDHOR,18aex18224,indexed
https://rd-agri.fr/rest/content/getFile/a1eded0f-6f61-41da-9e86-ca2af248a375/Synthese_nationale_FEVEROLE_2021-3.pdf,Les pratiques culturales pour la féverole en 2021 et leur évolution depuis 2018,2022,Terres Inovia,21pfr003,indexed
https://rd-agri.fr/rest/content/getFile/7e21bb09-5cb4-4504-aef5-3ae081b14f82/Bilan_de_campagne_colza_Nord-Estpour_web.pdf,Bilans de campagne 2022 régionalisés pour le colza,2022,Terres Inovia,22pit030,indexed
https://rd-agri.fr/rest/content/getFile/653c9b4b-3615-453b-bfc0-3211233755d1/Colloque IHC - Guerin et al. SYDRA towards agroecological cider apple orchard systems_V2.pdf,SYDRA : Towards agroecological cidre apple orchard systems,2022,IFPC,22pit070,indexed
https://rd-agri.fr/rest/content/getFile/728de8ed-92bf-462b-8b2b-66d16bee42b8/Biopratiquent RUBLE.pdf,Diversification des cultures pour l'alimentation humaine : fiche identité du GAEC de Rublé,2022,GAB44,20agipdl_053,indexed
https://rd-agri.fr/rest/content/getFile/d961f22c-a192-4ccf-8a43-0b5aeb73bbc2/6_RTTi_Guichainville_15112022_VLE_Obs_R_Economiques_prod_VF.pdf,Observatoire des résultats économiques à la production : résultats actualisés pour le colza et le pois,2022,Terres Inovia,22pit030,indexed
https://rd-agri.fr/rest/content/getFile/3358a682-ea3c-4ec6-8b88-2724dc016c0f/Instant_technique_Les_matieres_organiques_en_gestion_ACS.pdf,Les Matières Organiques en système ACS,2022,APAD,22pon022,indexed
https://rd-agri.fr/rest/content/getFile/d221fc40-863a-46c2-a0a5-3eac1d146578/Instant_technique_Introduire-le-lupin-dans-sa-rotation.pdf,Introduire le lupin dans sa rotation en ACS,2022,APAD,22pon022,indexed
https://rd-agri.fr/rest/content/getFile/0b076b5b-c135-4198-aec3-4de4e7edb83c/Civam_ObservatoireTechnicoEconomique2022.pdf,Observatoire technico-économique Bovins laits édition 2022,2022,FNCIVAM,22pon008,indexed
https://www.astredhor.fr/data/info/72085-CR840.pdf,"Arbre en ville : l’arbre, de la pépinière aux milieux urbains.",2022,ASTREDHOR,19aex186541,indexed
https://rd-agri.fr/rest/content/getFile/fab95522-4888-4945-b722-dcd428353776/Greencoq_CR_Essai2019-2021.pdf,CR 2019-2021 - Essais châtaigne,2022,Invenio,19aex119676,indexed
https://rd-agri.fr/rest/content/getFile/75dd8b03-3fd0-4a26-a5fb-bab9ad98f179/aes_vol12_n1_09_douay-et-al.pdf,Maîtriser les adventices dans le blé par un couvert permanent de légumineuse dans un système en semis direct sous couvert végétal géré sans glyphosate : quelques enseignements du Casdar Engaged,2022,CerFrance Normandie Maine,18aip057,indexed
https://rd-agri.fr/rest/content/getFile/0665c2bb-4c52-4450-8b32-43fa0a26b55d/2022 03 - TRI 490 - Dossier histoire civam_compressed.pdf,Une histoire des CIVAM et du développement agricole et rural : 60 ans d'histoire,2022,FNCIVAM,22pon008,indexed
http://www.ifpc.eu/fileadmin/users/ifpc/infos_techniques/EC_Sival_2022-CRAN_NC_JCCC-Bilan15ans_essaisAB_.pdf,Faisabilité de la production en verger cidricole biologique : Retour sur 15 années d'expérimentation,2022,IFPC,22pit070,indexed
https://www.astredhor.fr/data/info/183429-CR838.pdf,VEDECO : végétalisation des espaces contraints,2022,ASTREDHOR,19aex191016,indexed
https://www.astredhor.fr/data/info/179818-CR785.pdf,S@mosa : des capteurs et des algorithmes pour une horticulture connectée qui réduit ses usages de pesticides,2022,ASTREDHOR,19art365488,indexed
https://terresenvilles.org/wp-content/uploads/2022/01/Tev_Livret_ONVAR_Web.pdf,IMPLIQUER LES AGRICULTEURS DANS LES PROJETS ALIMENTAIRES TERRITORIAUX (PAT) - L’APPROCHE PAR L’ALIMENTATION DU DÉVELOPPEMENT AGRICOLE,2022,TERRES EN VILLES,21pon017,indexed
https://rd-agri.fr/rest/content/getFile/28db3c23-2bbd-4060-b318-32738b5ca467/2022 04 LFA veaux.pdf,Des veaux laitiers sous nourrices,2022,CIVAM Bio 53,21agipdl_060,indexed
http://itab.asso.fr/downloads/synthese_ble_bio_2021_v2.pdf,Comparaison de variétés de céréales en agriculture biologique : Synthèse des essais : Blé tendre d'hiver et de printemps : 2021,2022,ITAB,22pit060,indexed
https://trame.org/wp-content/uploads/2022/12/GUIDE-METHODO.pdf,"Guide méthodologique ""Se lancer dans une démarche de PSE avec des collectifs d'agriculteurs""",2022,TRAME,22pon018,indexed
https://rd-agri.fr/rest/content/getFile/92d5120b-4d61-4b92-9dad-3e9c465250ac/CCS-kit-convictions_Version-2022-02.pdf,circuits courts et solidaires sur vos territoires : kit de conviction et d'accélération,2022,FN CUMA,22pon009,indexed
https://rd-agri.fr/rest/content/getFile/1d732bc8-1258-459f-add2-9bca3503666c/2022_synthèse variété tournesol-yc très précoce_8nov2022.pdf,Synthèse variétale pour le tournesol oléique et linoléique en 2022,2022,Terres Inovia,22pit030,indexed
http://www.ifpc.eu/fileadmin/users/ifpc/infos_techniques/02_-_Restitution_MoNArC_-_Etat_des_lieux_de_l_agressivite_et_du_fruite_dans_les_Eaux-de-vie_commerciales_-_ESA_07122022.pdf,Modulation des notes aromatiques du calvados (projet MONARC),2022,IFPC,22pit070,indexed
http://itab.asso.fr/downloads/synthese_cereales_secondaires_2021.pdf,Comparaison de variétés de céréales en agriculture biologique : Synthèse des essais : Triticale – Epeautre - Orge : 2021,2022,ITAB,22pit060,indexed
https://rd-agri.fr/rest/content/getFile/7289acf1-ba5c-40bb-969d-dd27c6575810/BIODIVELO_Bilan_intermed_CR_TK_Volet_technique.pdf,Projet BiodiVéLo : bilan intermédiaire - volet technique,2022,EPLEFPA de Montravel àVILLARS,19aea516393,indexed
https://www.tendances-lait-viande.fr/wp-content/uploads/2022/10/Tendances-Lait-Viande-_-Les-marches-des-produits-de-lelevage-de-ruminants-_-Numero-343.pdf,[Tendances Lait & Viande n°343 - octobre 2022] Possible reprise de la production laitière française,2022,IDELE,22pit100,indexed
https://www.myvar.fr/upload/media/document/0001/01/de311381a46ed0bcf7d3ccbdb5e791818d38a496.pdf,Résultats des essais d'évaluation des variétés de tournesol en 2022,2022,Terres Inovia,21pfr005,indexed
https://rd-agri.fr/rest/content/getFile/af787b7f-660f-4afd-9f30-d0a7eac02e17/guide_lupin-conv-bio2022-Terres-Inovia.pdf,Le guide de culture sur le lupin bio et conventionnel,2022,Terres Inovia,22pit205,indexed
https://rd-agri.fr/rest/content/getFile/b8380628-9bcb-4c5a-87ef-49b9f48b97c0/PosterJeantech&bio2022.pdf,Essais de techniques innovantes d'entretien de l'enherbement entre-rang en verger cidricole bio,2022,IFPC,22pit070,indexed
https://afpf-asso.fr/_objects/tao_medias/file/3webinaire-bl-2022-ameliorer-l-autonomie-proteique-en-elevage-bovin-laitier-1-3-6585.pdf,[CAP Protéines] Diaporama du webinaire bovin lait du 13 décembre 2022,2022,IDELE,21pfr001,indexed
https://rd-agri.fr/rest/content/getFile/e649bcb4-12d5-48bf-9cea-9b902fcef212/PA_499_27-32.pdf,Résultats des enquêtes sur les pratiques culturale de la féverole en 2021,2022,Terres Inovia,22pit030,indexed
https://rd-agri.fr/rest/content/getFile/a9ac84c8-b81d-4153-bb00-10d64a3b3460/BF1145-ITB-Désherber_mécaniquement_en_betterave_c_est_possible-Les_différentes_machines.pdf,Désherbage mécanique et robotique en betterave,2022,ITB,22pit120,indexed
https://rd-agri.fr/rest/content/getFile/73a46a00-f37d-4ed4-b07a-f028a7bb9a53/Final_Poster ASIRPA CasDAR.pdf,Analyser les impacts du CASDAR - Approfondissement de la méthode ASIRPA adaptée au Casdar,2022,ACTA,20cac010,indexed
https://rd-agri.fr/rest/content/getFile/bb9f1df9-fc2f-44d1-85bd-ca23c4278d14/RTTI_pltespieges_ArdonGrignon_2021_V1.0.pdf,Les plantes pièges pour détourner les insectes sur le colza : un levier agronomique innovant,2022,Terres Inovia,21pfr003,indexed
https://www6.inrae.fr/ciag/content/download/6902/49948/file/Vol82-24-Mischler%20et%20al.pdf,RED-SPyCE - Le couplage entre cultures et élevage de ruminants renforce la résilience des exploitations et contribue à la transition agroécologique,2021,Innovations agronomiques,15aip021,indexed
https://rd-agri.fr/rest/content/getFile/ce670bfc-b40d-4e18-8b8b-ac0f4bb22333/2021_Article_Def_Cosne.pdf,Articles Action Pâtur'OVigne CASDAR Inter'ACtions,2021,EPLEFPA de  Nevers Cosne Plagny,19aea517362,indexed
https://rd-agri.fr/rest/content/getFile/ed58c727-14c7-4726-aa13-83a45224ac8d/Un nouvel outil pour gérer le risque aphanomyces Perspectives Agricoles 2021 n-490.pdf,EVA : un nouvel outil pour gérer le risque Aphanomyces,2021,Terres Inovia,21pfr003,indexed
https://www6.inrae.fr/ciag/content/download/6900/49942/file/Vol82-19-Beguin%20et%20al.pdf,"ORGUE - Mieux intégrer le travail dans la stratégie des grandes exploitations laitières, un enjeu majeur pour leur pérennité",2021,Innovations agronomiques,15aip074,indexed
http://www.ifpc.eu/fileadmin/users/ifpc/IFPC/CRA_oct_2020_VF_COMPLET.pdf,Cidres sans sulfites,2021,IFPC,21pit070,indexed
https://rd-agri.fr/rest/content/getFile/858f94db-b25c-4a7c-97f8-dfdd488e0150/EclairvaleTAUPIN_CRfinal2020.pdf,"Pommier à cidre : Douce Coetligné - Eclaircissage pré-floral par ""l'Eclairvale""",2021,IFPC,20pit070,indexed
https://www6.inrae.fr/ciag/content/download/6905/49957/file/Vol82-28-Foucard%20et%20al.pdf,"La production de spiruline « paysanne » en France : caractérisation des procédés, qualité des produits, reconnaissance et formation",2021,Innovations agronomiques,15aip004,indexed
https://webtrame.net/uploads/media/default/0001/03/c7309f6d0777da928e9a7918adbdc99bc28965f7.pdf,Améliorer ses pratiques en santé animale - Cahier Numérique,2021,TRAME,21pon018,indexed
https://rd-agri.fr/rest/content/getFile/82438f67-194e-4a2e-a763-d4bed12a4cdc/8WCCA_Engaged_2021.pdf,Co-design and test of direct-seeding system under permanent cover without glyphosate : the ENGAGED French Project,2021,CerFrance Normandie Maine,18aip057,indexed
http://www.ifpc.eu/fileadmin/users/ifpc/IFPC/CRA_oct_2020_VF_COMPLET.pdf,Dépérissement en jeunes vergers cidricoles,2021,IFPC,21pit070,indexed
https://www6.inrae.fr/ciag/content/download/6886/49900/file/Vol82-3-Andurand%20et%20al.pdf,BEEF CARBON – Le plan carbone de la filière viande bovine,2021,Innovations agronomiques,15aip024,indexed
https://rd-agri.fr/rest/content/getFile/088feba2-3bf7-48de-957a-be38f41920c0/OCCITANIE_Filiere-Brassicole-Bio-d-Occitanie__FICHE-TECHNIQUE_Houblon.pdf,Fiche Technique Houblon bio,2021,FEDERATION REGIONALE DES CIVAM D'OCCITANIE,20agiocc_131,indexed
https://rd-agri.fr/rest/content/getFile/b4df12ee-0811-43a8-8541-63520395e6c3/Lin_H_ZO_Avant récolte_2021_v1.0(2).pdf,Lin oléagineux : bilan de la campagne 2021 dans l'Ouest de la France,2021,Terres Inovia,21pit030,indexed
https://rd-agri.fr/rest/content/getFile/19fdb88d-1195-4de7-9fb9-900bc70a0e04/AE7-2021JLSA151 - Bilan de campagne 202021.pdf,Bilan de campagne 2020-2021,2021,ITB,21pit120,indexed
https://rd-agri.fr/rest/content/getFile/f2e72a3f-fd65-4c54-babd-81055214df56/MCDR-ECLAT_Journal-4_Fevrier2021.pdf,Expérimenter avec des collectifs locaux une agroécologie territoriale (ECLAT) - Journal n°4,2021,FNCUMA,20pon009,indexed
https://rd-agri.fr/rest/content/getFile/7afe5ac0-f585-46bc-be84-eec359380c3f/Restitution-Agroluz-recolte-2020.pdf,Enquête culturale AGROLUZ,2021,LA COOPERATION AGRICOLE,21pon004,indexed
https://www6.inrae.fr/ciag/content/download/6899/49939/file/Vol82-18-Coarer%20et%20al.pdf,"Mycotoxines majeures et émergentes dans les filières cidre et vin : observatoire, lutte biologique au champ et devenir au cours des procédés",2021,Innovations agronomiques,15art023,indexed
https://rd-agri.fr/rest/content/getFile/31017fcd-427c-484f-becf-18ac7d46a4a5/ATT ARTB Etude Pulpe 2021 - FINAL.pdf,Valorisation des pulpes en France : forces et faiblesses des différents débouchés,2021,ITB,21pit120,indexed
https://rd-agri.fr/rest/content/getFile/40772092-cfe8-4199-bf89-8d016e688640/AE6-Profil des betteraviers 2018 - octobre 2021.pdf,Profil des betteraviers,2021,ITB,21pit120,indexed
https://www.astredhor.fr/data/info/181338-CR891.pdf,"Le suivi épidémiologique, S@M et quoi d’autre?",2021,ASTREDHOR,19art365488,indexed
http://www.agrofile.fr/wp-content/uploads/2021/09/Fiche-technique_Vergers-maraichers_MOBIDIF.pdf,Les vergers-maraîchers,2021,"Agrof'Île, GAB Région Île de France",19aar002,indexed
https://rd-agri.fr/rest/content/getFile/f2a382a6-813d-4791-898f-bf16cb4da57c/RML44_témoignage Pauline-Rio-CIVAM44.pdf,Réseau Manger Local - présentation du projet de diversification des filières alimentaires,2021,FD CIVAM 44,20agipdl_053,indexed
https://rd-agri.fr/rest/content/getFile/447d2cd5-71ca-41ba-ac57-631c517455be/Intervention GIEE Agrofo_GRAPEA 051021.pdf,Agroforesterie et réduction du travail du sol en bio : des clés pour la biodiversité et le climat,2021,GRAPEA,21agipdl_061,indexed
https://www6.inrae.fr/ciag/content/download/6901/49945/file/Vol82-21-Boudaud%20et%20al.pdf,PATHOGREEN : Contamination primaire des salades par les microorganismes pathogènes : points critiques et leviers,2021,Innovations agronomiques,15aip010,indexed
https://www.biopaysdelaloire.fr/wp-content/uploads/Guide-Farine_VF_web.pdf,Guide technique Structuration de la filière bio céréales et blé meunier en Pays de la Loire,2021,GABB Anjou,21agipdl_062,indexed
https://rd-agri.fr/rest/content/getFile/0037f6ae-087e-4e0f-b30e-60d814c7d33a/Fiche CidrAgroEco 1.pdf,Programme CidrAgroEco - Volet bioagresseurs,2021,IFPC,20pit070,indexed
https://rd-agri.fr/rest/content/getFile/f2317d18-5e69-4da4-8373-4a557afa5571/2021_01_21_CP_OutilEva_maladiedupois(4).pdf,Action 5 - Eva : Un nouvel outil pour évaluer le risque Aphanomyces sur pois,2021,Terres Inovia,20pit030,indexed
http://www.ifpc.eu/fileadmin/users/ifpc/IFPC/CRA_oct_2020_VF_COMPLET.pdf,Développer des jus de pommes innovants issus de la filière cidricole pour diversifier l'offre et en adéquation avec la demande des consommateurs,2021,IFPC,21pit070,indexed
http://www.ifpc.eu/fileadmin/users/ifpc/IFPC/CRA_oct_2020_VF_COMPLET.pdf,Créer de la valeur ajoutée à partir des déchets de la filière bretonne de transformation des pommes,2021,IFPC,21pit070,indexed
https://rd-agri.fr/rest/content/getFile/4c0d8b25-4d7d-4347-9751-ebc1f17a59ad/Article resultats bilan carbone lait nord 85.pdf,Atténuation du changement climatique : des éleveurs bovins lait vendéens font le bilan carbone de leurs fermes,2021,"GAB 85, GAB85",19agipdl_033,indexed
https://www6.inrae.fr/ciag/content/download/6914/49984/file/Vol82-14-Valorge%20et%20al.pdf,LUZ’CO - Solutions collectives pour développer les légumineuses fourragères,2021,Innovations agronomiques,15aip071,indexed
https://rd-agri.fr/rest/content/getFile/80806fc8-656a-4c53-ac99-f8ae774ccd5b/Pulvarbo - Guide pratique de mise en œuvre dose 22 03 21.pdf,Optimisation de la pulvérisation en arboriculture,2021,IFPC,20pit070,indexed
https://rd-agri.fr/rest/content/getFile/669f612d-8af5-400f-8ffb-b95fbb56ed6f/2021_JL_bilan_campagne_colza_Normandie_IleDeFrance_VF.pdf,Bilans de campagne 2021 pour le colza,2021,Terres Inovia,21pit030,indexed
http://www.ifpc.eu/fileadmin/users/ifpc/IFPC/CRA_oct_2020_VF_COMPLET.pdf,"Sélection de variétés issues de programmes étrangers, focus sur les variétés encore en observation en 2020",2021,IFPC,21pit070,indexed
https://rd-agri.fr/rest/content/getFile/a11e741c-c8a9-4654-a213-f098a9dc46b8/38_Fiches bilan des essais AeS CIVAM AD 49.pdf,Les essais du groupe Arbres et semences (AES),2021,CIVAM AD 49,18agipdl_030,indexed
https://rd-agri.fr/rest/content/getFile/2237dc5b-be77-4ec2-ab49-8cfe539b82d3/AE6-HVE - Phase 2 - Mai 2021.pdf,Haute Valeur Environnementale en betterave,2021,ITB,21pit120,indexed
https://www.astredhor.fr/data/info/180905-CR777.pdf,Définition de gammes de végétaux en fonction de leurs usages pour répondre aux attentes des consommateurs (Créa’Gam 2),2021,ASTREDHOR,19aex183713,indexed
https://www6.inrae.fr/ciag/content/download/6906/49960/file/Vol82-29-Arnault%20et%20al.pdf,SWEET - Optimisation des stratégies de biocontrôle par la stimulation de l’immunité des plantes avec des applications d’infra-doses de sucres simples,2021,Innovations agronomiques,15aip025,indexed
https://rd-agri.fr/rest/content/getFile/a659f2e0-c840-4c86-ace5-c898c27f5a9f/ColzaLive-Ravageurs_automne_29JUIN21_1 0.pdf,Comment lutter efficacement contre le charançon et la grosse altise du colza cet automne ?,2021,TERRES INOVIA,21aex2692108,indexed
https://rd-agri.fr/rest/content/getFile/f6e04710-3ff8-4f24-b022-955d7ac564ba/4-ROBERT Celine.pdf,Suivi des résistances aux pyréthrinoïnes des populations de coléoptères ravageurs du colza,2021,TERRES INOVIA,21aex2692108,indexed
https://rd-agri.fr/rest/content/getFile/d979280f-3347-4b31-b252-a8b8c65a676a/Echo des Bios - N 104 - Octobre 2020 (VF - WEB).pdf,"Demain, l’arbre au coeur des pratiques agricoles bio vendéennes ?",2020,GAB 85,pdl-lb-2019-04_phy,indexed
https://www.ifip.asso.fr/sites/default/files/pdf-documentations/fiche_bilan2019_61.pdf,Mesure du biofilm dans les circuits d’eau en élevage porcin et comparaison de protocoles de décapage,2020,IFIP,20pit090,indexed
https://www6.inrae.fr/ciag/content/download/6874/49830/file/Vol81-8-Royer%20et%20al.pdf,Le désherbage mécanique en culture de betterave,2020,ITB,20pit120,indexed
https://www6.inrae.fr/ciag/content/download/6845/49705/file/Vol79-29-Deniaud%20et%20al.pdf,Amélioration des performances de l’élevage extensif dans les marais et les vallées alluviales : APEX ,2020,Innovations agronomiques,14aip031,indexed
https://www6.inrae.fr/ciag/content/download/6814/49593/file/Vol79-5-Brocas%20et%20al.pdf,CARBON DAIRY –Le plan carbone de la production laitière,2020,Innovations agronomiques,14aip021,indexed
https://www6.inrae.fr/ciag/content/download/6829/49638/file/Vol79-11-Gaucher%20et%20al.pdf,PEPS: Evaluation et optimisation de l’utilisation de stimulateurs de défense des plantes (SDP) dans les stratégies de protection phytosanitaire en verger de pommier,2020,Innovations agronomiques,14aip055,indexed
https://rd-agri.fr/rest/content/getFile/5ec5805d-958c-4a6e-a857-2aaca4185dca/2020JLSA127 BILAN TECHNIQUE site ARTB 2019-20.pdf,Bilan technique de la campagne betteravière 2019-2020,2020,ARTB,20pit120,indexed
https://rd-agri.fr/rest/content/getFile/9dd2317a-442a-4d85-98e5-bf74bfb0b0b2/BF1105-Réseau nématodes.pdf,Synthèse du suivi de la durabilité des tolérances variétales au nématode à kystes,2020,ITB,20pit120,indexed
http://www.agrofile.fr/wp-content/uploads/2021/03/Fiche-vigne-agrofile-n3_2021.pdf,Biodiversité cultivée et spontanée au service de la vigne,2020,Agrof'Île,19aar002,indexed
https://www.astredhor.fr/data/info/178992-CR749.pdf,Groupe 30000 : Accompagner la filière Horticole dans la réduction de l’utilisation des produits phytosanitaires,2020,ASTREDHOR,nor_sn_2017_009_phy,indexed
https://rd-agri.fr/rest/content/getFile/6a04b1a8-c87f-48f5-a434-c5b0416169df/MCDR-ECLAT_Journal-3_Septembre2020.pdf,Expérimenter avec des collectifs locaux une agroécologie territoriale (ECLAT) - Journal n°3,2020,FNCUMA,20pon009,indexed
https://www.acta.asso.fr/wp-content/uploads/2022/03/pole_nourrir_hommes.pdf,"Nourrir les Hommes,  aujourd’hui et demain",2020,ACTA,20pit140,indexed
https://www.acta.asso.fr/wp-content/uploads/2022/03/La_recherche_appliquee_au_service_d_une_agriculture_biologique.pdf,La recherche appliquée au service d’une agriculture biologique compétitive et performante,2020,ACTA,20pit140,indexed
https://rd-agri.fr/rest/content/getFile/ea4db672-fbc2-4afb-920a-8600050a3a45/AE6 - Analyse_performances_financieres_industrie_sucriere_EU.pdf,L'industrie du sucre européenne,2020,ARTB,20pit120,indexed
https://rd-agri.fr/rest/content/getFile/21831497-96a4-4ad1-bc89-8930ecdd2ffd/Innov'enBio numero_4_2020_web-22.pdf,CONSOLIDER UNE FILIÈRE LOCALE DE LÉGUMINEUSES ET CÉRÉALES CHEZ DES ÉLEVEURS EN LIEN AVEC LA DEMANDE DES TERRITOIRES,2020,GAB44,20agipdl_053,indexed
http://www.produire-bio.fr/wp-content/uploads/2020/04/NOTE_conjoncture_LAIT_2020_semestre1_FNAB-2.pdf,Note de conjoncture de la filière lait bio,2020,FNAB,20pon007,indexed
https://rd-agri.fr/rest/content/getFile/96c97aa0-286c-4b93-b022-ba9a9b950509/Gestion intégrée - jaunisse_2020_web.pdf,Fiche PIC : gestion intégrée des jaunisses virales,2020,ITB,20pit120,indexed
https://rd-agri.fr/rest/content/getFile/ff167bad-cf24-483c-88da-f99253fac9b0/2016_GIEE_Valorisation_agronomique_Brochure_Casdar_2020.pdf,Fiche synthétique : Valoriser les synergies entre cultures et élevages sur le territoire de la Picardie Verte et du Pays de Bray.,2020,Chambre d’Agriculture de l’Oise,16agihdf_010,indexed
https://rd-agri.fr/rest/content/getFile/105f3211-7724-4831-856b-2ef6ff148c23/200122 RDV1 Thé de compost.pdf,« Les intérêts et développement du thé de compost » : CR Rencontre flash de la cellule R&D ACF,2020,TRAME,20pon018,indexed
http://itab.asso.fr/downloads/fiches-ble/2020_varietes-ble-bio_synthese_v2.pdf,Comparaison de variétés de céréales en agriculture biologique : Synthèse des essais : Blé tendre d'hiver : 2020,2020,ITAB,20pit060,indexed
https://rd-agri.fr/rest/content/getFile/e23c993d-d0ee-4216-bbd1-eaa1da0b3de7/2020_liste_articles_publications_TI.pdf,Action 6 - Liste des publications et communincations de Terres Inovia en 2020,2020,Terres Inovia,20pit030,indexed
http://itab.asso.fr/downloads/fiches-ble/2020-varietes-cereales-secondaires-bio_synthese-v2.pdf,Comparaison de variétés de céréales en agriculture biologique : Synthèse des essais : Triticale - Epeautre - Blé dur : 2020,2020,ITAB,20pit060,indexed
https://www.acta.asso.fr/wp-content/uploads/2022/02/VF___Dossier_de_presse_Cellule_RIT_-_SIA_2020_-27_022020.pdf,Cellule Recherche Innovation Transfert: bilan 2019 et programme 2020,2020,ACTA,20pit140,indexed
http://www.ifpc.eu/fileadmin/users/ifpc/Actualites/Previsions_rec_VF_20200916.pdf,Prévisions de récolte de fruits à cidre,2020,IFPC,20pit070,indexed
https://rd-agri.fr/rest/content/getFile/c0527122-b739-4ec7-b405-c64215609777/JL_bilan_campagne_colza_Normandie_IleDeFrance_VF(1).pdf,Action 1 - Bilan de campagne colza 2020 - Région Normandie / Ile-de-France Ouest,2020,Terres Inovia,20pit030,indexed
https://www6.inrae.fr/ciag/content/download/6818/49605/file/Vol79-12-Guerin%20et%20al.pdf,Verger Cidricole de Demain: les enseignements après 6 ans d’expérimentation système pour réduire les intrants en jeunes vergers cidricoles,2020,Innovations agronomiques,14aip082,indexed
https://rd-agri.fr/rest/content/getFile/ffbf633a-42a3-48e1-942c-37aef273609b/ECLAT_Journal-2.pdf,Expérimenter avec des collectifs locaux une agroécologie territoriale (ECLAT) - Journal n°2,2020,FNCUMA,19pon009,indexed
http://www.ifpc.eu/fileadmin/users/ifpc/IFPC/CRA_2019_VF_COMPLET_WEB.pdf,Maitrîse de l'acidité et du pH des cidres et des poirés,2020,IFPC,20pit070,indexed
https://rd-agri.fr/rest/content/getFile/45eb585a-39e0-4d43-9a3c-2b6224464553/BF1119-ITB-BD-V8.pdf,Variétés de betterave recommandées pour les semis 2021,2020,ITB,20pit120,indexed
https://rd-agri.fr/rest/content/getFile/6b1e839a-0942-412e-a9d9-5469ed2edc0b/AE6 - Plan_Competitivite_Adaptation_Exploitations_agricoles.pdf,Plan de compétitivité et d’adaptation des exploitations agricoles,2020,ARTB,20pit120,indexed
https://amapartage.fr/images/imagesCK/files/ressources/cont2/f73_statistiques-en-amap-09-2019-rapport-miramap.pdf,"Statistiques en AMAP, Rapport d'enquête partielle sur les données en AMAP 2018",2020,MIRAMAP,20pon013,indexed
https://www6.inrae.fr/ciag/content/download/6825/49626/file/Vol79-2-Barbottin%20et%20al.pdf,AGRIBIRDS: Concevoir et diffuser des indicateurs « Oiseaux » pour les acteurs du monde agricole,2020,Innovations agronomiques,14aip015,indexed
https://rd-agri.fr/rest/content/getFile/83917aa5-b589-43a7-9fa1-beb973e29206/BF1118-ITB.pdf,Résultats pluriannuels des variétés de betteraves,2020,ITB,20pit120,indexed
https://www6.inrae.fr/ciag/content/download/6827/49632/file/Vol79-19-Mika%20et%20al.pdf,Etat des lieux et voies de progrès pour limiter le picage chez la poule pondeuseEtude épidémiologique et expérimentale sur la poule élevée en cage aménagée et au sol avec accès plein-air,2020,Innovations agronomiques,14aip047,indexed
https://methode-idea.org/fileadmin/user_upload/Documents/1.Publications/zahm-et-al.-AES_format-revue-IDEA-diagnostic-clinique-vol9_n2_05.pdf,IDEA4 : une méthode de diagnostic pour une évaluation clinique de la durabilité en agriculture,2019,CEZ Bergerie nationale de Rambouillet,17aip027,indexed
https://webtrame.net/uploads/sites/198df3f40fcfaa2f66fa00e68bbad02ef4911a82.pdf,"Le Mag’ des Mags, la lettre d’information de Trame sur les magasins de producteurs 2019",2019,TRAME,19pon018,indexed
https://www.astredhor.fr/data/info/148347-CR613.pdf,Supports de culture et fertilisation : formulation de supports de culture avec des résidus urbains,2019,ASTREDHOR,16art024,indexed
http://www.ifpc.eu/fileadmin/users/ifpc/IFPC/Rapport_annuel_2018_VF.pdf,Maladies de conservation des pommes à cidre,2019,IFPC,19pit070,indexed
https://www.astredhor.fr/data/info/149958-CR612.pdf,"Les substrats de culture et fertilisation : intégrer des produits résiduaires en hydroponie, quelles possibilités ?",2019,ASTREDHOR,16art024,indexed
https://www6.inra.fr/ciag/content/download/6629/48546/file/Vol71-25-Omon%20et%20al.pdf,CHANGER  Échanger entre conseillers sur les situations de travail pour accompagner les agriculteurs dans leurs transitions vers l'agroécologie,2019,Innovations agronomiques 19,13aip065,indexed
